{
    "total_mass_ascent": 302654.0,
    "vacuum_thrust_ascent": 5000000.0,
    "total_mass_S2": 20110.0,
    "vacuum_thrust_S2": 250000.0,
    "touchdown_mass": 58149.828125,
    "landing_site_x": 159783.7964295983,
    "landing_site_y": -1017.8458804393904,
    "landing_site_z": -578422.2151150068,
    "dynamic_pressure_limit": 60000.0,
    "lateral_dynamic_pressure_limit": 1000.0,
    "drag_area": 15.0,
    "t0": 2673302.830080922,
    "launch_site_x": 159783.80555972803,
    "launch_site_y": -1017.8320200009039,
    "launch_site_z": -578422.2902854402,
    "target_position_x": -927180.361745747,
    "target_position_y": -1112718.8869269988,
    "target_position_z": 152654.72370836342,
    "target_velocity_x": 849.6601479171144,
    "target_velocity_y": 76.82791869415999,
    "target_velocity_z": -1004.1589750262478,
    "body_angular_rate": 0.00029157090466469526,
    "body_radius": 600000.0,
    "gravitational_parameter": 3531600035840.0,
    "air_density_MSL": 1.123594265253779,
    "scale_height": 7208.366430217917,
    "target_spawn_time": 1985340.0075915745,
    "target_name": "Space Station",
    "launch_direction_guess_x": 0.46832943146858125,
    "launch_direction_guess_y": 0.872364591670757,
    "launch_direction_guess_z": 0.12783659869792804,
    "orbit_speed_guess": 2554.168815428082,
    "exhaust_velocity_sea_level_ascent": 2893.9500000000003,
    "exhaust_velocity_vacuum_ascent": 3090.15,
    "exhaust_velocity_sea_level_S2": 882.9000000000001,
    "exhaust_velocity_vacuum_S2": 3433.5
}