{
    "total_mass_ascent": 302654.0,
    "vacuum_thrust_ascent": 5000000.0,
    "total_mass_S2": 20110.0,
    "vacuum_thrust_S2": 250000.0,
    "touchdown_mass": 58149.828125,
    "landing_site_x": 159783.7964295983,
    "landing_site_y": -1017.8458804393904,
    "landing_site_z": -578422.2151150068,
    "dynamic_pressure_limit": 60000.0,
    "lateral_dynamic_pressure_limit": 1000.0,
    "drag_area": 15.0,
    "t0": 2673302.8700809223,
    "launch_site_x": 159783.80556967648,
    "launch_site_y": -1017.8318228399148,
    "launch_site_z": -578422.2902834907,
    "target_position_x": -927146.4389198823,
    "target_position_y": -1112715.8869269988,
    "target_position_z": 152614.61203940155,
    "target_velocity_x": 849.6759871551372,
    "target_velocity_y": 76.87880302641582,
    "target_velocity_z": -1004.1852363853006,
    "body_angular_rate": 0.00029157090466469526,
    "body_radius": 600000.0,
    "gravitational_parameter": 3531600035840.0,
    "air_density_MSL": 1.123594265253779,
    "scale_height": 7208.366430217917,
    "target_spawn_time": 1985340.0075915745,
    "target_name": "Space Station",
    "launch_direction_guess_x": 0.46833050222855327,
    "launch_direction_guess_y": 0.8723579906005515,
    "launch_direction_guess_z": 0.12783690640700168,
    "orbit_speed_guess": 2554.1819346512884,
    "exhaust_velocity_sea_level_ascent": 2893.9500000000003,
    "exhaust_velocity_vacuum_ascent": 3090.15,
    "exhaust_velocity_sea_level_S2": 882.9000000000001,
    "exhaust_velocity_vacuum_S2": 3433.5
}